<?xml version="1.0"?>
<!DOCTYPE hibernate-mapping PUBLIC "-//Hibernate/Hibernate Mapping DTD 3.0//EN"
"http://hibernate.sourceforge.net/hibernate-mapping-3.0.dtd">
<!-- Generated 2017-7-17 18:43:57 by Hibernate Tools 3.5.0.Final -->
<hibernate-mapping>
    <class name="com.hbboys.app.domain.Comment" table="comment" catalog="mall">
        <id name="orderid" type="int">
            <column name="orderid" />
            <generator class="foreign">
                <param name="property">order</param>
            </generator>
        </id>
        <one-to-one name="order" class="com.hbboys.app.domain.Order" constrained="true"></one-to-one>
        <property name="text" type="string">
            <column name="text" />
        </property>
    </class>
</hibernate-mapping>
